{"mean":{"confidence_interval":{"confidence_level":0.95,"lower_bound":743202947.3080001,"upper_bound":755485882.6654999},"point_estimate":749361390.18,"standard_error":3144054.1485486636},"median":{"confidence_interval":{"confidence_level":0.95,"lower_bound":739192747.5,"upper_bound":755511000.5},"point_estimate":742106259.0,"standard_error":4808432.323120821},"median_abs_dev":{"confidence_interval":{"confidence_level":0.95,"lower_bound":12667972.434398532,"upper_bound":32310697.821870446},"point_estimate":18647655.434837937,"standard_error":5361339.332168164},"slope":null,"std_dev":{"confidence_interval":{"confidence_level":0.95,"lower_bound":18538253.311548185,"upper_bound":25777322.95757233},"point_estimate":22417161.457771637,"standard_error":1856325.4564744702}}