{"mean":{"confidence_interval":{"confidence_level":0.95,"lower_bound":1950270.158009616,"upper_bound":1960440.2232692312},"point_estimate":1955144.389230769,"standard_error":2592.9303248869633},"median":{"confidence_interval":{"confidence_level":0.95,"lower_bound":1948879.0,"upper_bound":1953672.2884615385},"point_estimate":1952434.2884615385,"standard_error":1282.9481443125828},"median_abs_dev":{"confidence_interval":{"confidence_level":0.95,"lower_bound":9469.423054961111,"upper_bound":24049.48226534407},"point_estimate":16054.36232651658,"standard_error":3903.2769829788167},"slope":null,"std_dev":{"confidence_interval":{"confidence_level":0.95,"lower_bound":19221.87073659593,"upper_bound":32279.367481831432},"point_estimate":26151.128104204883,"standard_error":3345.3502318530536}}