{"mean":{"confidence_interval":{"confidence_level":0.95,"lower_bound":10061107.496666666,"upper_bound":10211018.519583333},"point_estimate":10135271.465000002,"standard_error":38294.824712875394},"median":{"confidence_interval":{"confidence_level":0.95,"lower_bound":9906625.0,"upper_bound":10100093.75},"point_estimate":9971010.416666666,"standard_error":50520.15414498658},"median_abs_dev":{"confidence_interval":{"confidence_level":0.95,"lower_bound":190946.52161002342,"upper_bound":457685.7777744527},"point_estimate":310311.26324087195,"standard_error":75059.03497184522},"slope":null,"std_dev":{"confidence_interval":{"confidence_level":0.95,"lower_bound":333880.6026786365,"upper_bound":421651.2998098227},"point_estimate":381987.8978258978,"standard_error":22273.078219699342}}