{"mean":{"confidence_interval":{"confidence_level":0.95,"lower_bound":0.010877745039249804,"upper_bound":0.030764609088364436},"point_estimate":0.021087543798753883,"standard_error":0.005063407512090158},"median":{"confidence_interval":{"confidence_level":0.95,"lower_bound":0.03655411751596516,"upper_bound":0.044609046701862054},"point_estimate":0.04175594910506919,"standard_error":0.0019243058782998678}}