{"mean":{"confidence_interval":{"confidence_level":0.95,"lower_bound":-0.018666120137598417,"upper_bound":0.004638362117559795},"point_estimate":-0.0073488581002743025,"standard_error":0.005962638565183696},"median":{"confidence_interval":{"confidence_level":0.95,"lower_bound":-0.04723838446374318,"upper_bound":-0.040920173515560244},"point_estimate":-0.04618700333420678,"standard_error":0.0026072906086170833}}