{"mean":{"confidence_interval":{"confidence_level":0.95,"lower_bound":-0.0019231848909248943,"upper_bound":0.007966846891427792},"point_estimate":0.002592777457201434,"standard_error":0.0024807930043465065},"median":{"confidence_interval":{"confidence_level":0.95,"lower_bound":-0.005055361309657558,"upper_bound":0.003501217601542539},"point_estimate":-0.0032782916417609664,"standard_error":0.0018014482218813603}}