{"mean":{"confidence_interval":{"confidence_level":0.95,"lower_bound":0.018211684815435527,"upper_bound":0.04491397977752767},"point_estimate":0.03148936402078495,"standard_error":0.006813753608603779},"median":{"confidence_interval":{"confidence_level":0.95,"lower_bound":0.02157536800067143,"upper_bound":0.07003655340060289},"point_estimate":0.03903156018979059,"standard_error":0.01141533328333353}}