{"mean":{"confidence_interval":{"confidence_level":0.95,"lower_bound":622193412.7315,"upper_bound":626436170.3874999},"point_estimate":624229707.64,"standard_error":1084103.9145253026},"median":{"confidence_interval":{"confidence_level":0.95,"lower_bound":620011836.0,"upper_bound":623222988.0},"point_estimate":621393666.5,"standard_error":919736.9663375027},"median_abs_dev":{"confidence_interval":{"confidence_level":0.95,"lower_bound":3184238.5261684656,"upper_bound":8048551.188209653},"point_estimate":5307796.120467782,"standard_error":1291517.0530305614},"slope":null,"std_dev":{"confidence_interval":{"confidence_level":0.95,"lower_bound":5723726.141862134,"upper_bound":9291408.560811443},"point_estimate":7733920.454400358,"standard_error":909945.4717900031}}