{"mean":{"confidence_interval":{"confidence_level":0.95,"lower_bound":1007175494.066,"upper_bound":1030524241.9725},"point_estimate":1018814832.62,"standard_error":5950566.441924116},"median":{"confidence_interval":{"confidence_level":0.95,"lower_bound":987034931.0,"upper_bound":1038117992.5},"point_estimate":1031198229.0,"standard_error":11205132.716122027},"median_abs_dev":{"confidence_interval":{"confidence_level":0.95,"lower_bound":19045814.737184215,"upper_bound":75644678.4145385},"point_estimate":47766597.20737338,"standard_error":16305590.142836822},"slope":null,"std_dev":{"confidence_interval":{"confidence_level":0.95,"lower_bound":35822074.932959214,"upper_bound":48016047.1664291},"point_estimate":42487164.03324708,"standard_error":3118878.043225574}}