{"mean":{"confidence_interval":{"confidence_level":0.95,"lower_bound":280339.7792963608,"upper_bound":280766.61034941365},"point_estimate":280544.4089729032,"standard_error":108.95489407040036},"median":{"confidence_interval":{"confidence_level":0.95,"lower_bound":280187.79982713447,"upper_bound":280664.8144078144},"point_estimate":280345.53390269156,"standard_error":120.81663045511776},"median_abs_dev":{"confidence_interval":{"confidence_level":0.95,"lower_bound":415.7983288635892,"upper_bound":815.1722955277971},"point_estimate":552.8801181235582,"standard_error":100.53518024845229},"slope":{"confidence_interval":{"confidence_level":0.95,"lower_bound":280372.16191666626,"upper_bound":280793.49071830686},"point_estimate":280568.6031122944,"standard_error":107.35958985648612},"std_dev":{"confidence_interval":{"confidence_level":0.95,"lower_bound":565.391258982815,"upper_bound":945.5446450994647},"point_estimate":778.1686469385883,"standard_error":97.30668657468962}}