{"mean":{"confidence_interval":{"confidence_level":0.95,"lower_bound":461697996.31700003,"upper_bound":465215093.94600004},"point_estimate":463384962.5,"standard_error":898300.7760982611},"median":{"confidence_interval":{"confidence_level":0.95,"lower_bound":460239094.5,"upper_bound":462316130.0},"point_estimate":461052161.5,"standard_error":565412.6779839882},"median_abs_dev":{"confidence_interval":{"confidence_level":0.95,"lower_bound":1843017.8033798933,"upper_bound":6381972.418597341},"point_estimate":3238896.0567981005,"standard_error":1196558.0644077905},"slope":null,"std_dev":{"confidence_interval":{"confidence_level":0.95,"lower_bound":4788115.012499508,"upper_bound":7563342.800097199},"point_estimate":6404278.32236557,"standard_error":708226.368404851}}