{"mean":{"confidence_interval":{"confidence_level":0.95,"lower_bound":775294009.7145001,"upper_bound":785987696.521},"point_estimate":780821252.88,"standard_error":2732703.2438342185},"median":{"confidence_interval":{"confidence_level":0.95,"lower_bound":775420512.0,"upper_bound":792581785.0},"point_estimate":791095113.0,"standard_error":4586976.906620498},"median_abs_dev":{"confidence_interval":{"confidence_level":0.95,"lower_bound":3844172.6851522923,"upper_bound":26128592.481824756},"point_estimate":10038302.652284503,"standard_error":6081008.309291783},"slope":null,"std_dev":{"confidence_interval":{"confidence_level":0.95,"lower_bound":15273754.259851083,"upper_bound":22552891.013960853},"point_estimate":19459642.01752702,"standard_error":1862583.4771989575}}