{"mean":{"confidence_interval":{"confidence_level":0.95,"lower_bound":0.012866154872813645,"upper_bound":0.020767677292242614},"point_estimate":0.016753106330035905,"standard_error":0.002011723719401923},"median":{"confidence_interval":{"confidence_level":0.95,"lower_bound":0.010782468468276019,"upper_bound":0.017016508644754434},"point_estimate":0.013798922950082781,"standard_error":0.0017419960986434168}}