{"mean":{"confidence_interval":{"confidence_level":0.95,"lower_bound":17674839.493583333,"upper_bound":17860596.11958333},"point_estimate":17762583.46333333,"standard_error":47591.49128732426},"median":{"confidence_interval":{"confidence_level":0.95,"lower_bound":17571972.0,"upper_bound":17686271.0},"point_estimate":17624701.333333336,"standard_error":27711.902375987294},"median_abs_dev":{"confidence_interval":{"confidence_level":0.95,"lower_bound":191111.33730709922,"upper_bound":333656.6592539111},"point_estimate":273385.25764643686,"standard_error":37783.10524179173},"slope":null,"std_dev":{"confidence_interval":{"confidence_level":0.95,"lower_bound":343557.76734967,"upper_bound":598853.2206318857},"point_estimate":480249.9107601372,"standard_error":65301.651929193846}}