{"mean":{"confidence_interval":{"confidence_level":0.95,"lower_bound":0.03191222832231798,"upper_bound":0.04972419539012431},"point_estimate":0.041372863994941333,"standard_error":0.004548546619901619},"median":{"confidence_interval":{"confidence_level":0.95,"lower_bound":0.028157468130572516,"upper_bound":0.05039703064984069},"point_estimate":0.037189496096522445,"standard_error":0.005491609723038911}}