{"mean":{"confidence_interval":{"confidence_level":0.95,"lower_bound":733157557.4435,"upper_bound":743798237.5505},"point_estimate":738472580.64,"standard_error":2705934.4543888737},"median":{"confidence_interval":{"confidence_level":0.95,"lower_bound":732166862.5,"upper_bound":739055435.0},"point_estimate":735561542.5,"standard_error":1844742.5557847873},"median_abs_dev":{"confidence_interval":{"confidence_level":0.95,"lower_bound":6431953.828909993,"upper_bound":19927457.9711169},"point_estimate":9746553.664264083,"standard_error":3549494.196820176},"slope":null,"std_dev":{"confidence_interval":{"confidence_level":0.95,"lower_bound":14626287.880728353,"upper_bound":23479996.29408752},"point_estimate":19429058.90385663,"standard_error":2265748.789104606}}