{"mean":{"confidence_interval":{"confidence_level":0.95,"lower_bound":2259087.8538181824,"upper_bound":2467218.986727272},"point_estimate":2332325.30409091,"standard_error":62314.12612087387},"median":{"confidence_interval":{"confidence_level":0.95,"lower_bound":2246935.6136363633,"upper_bound":2259475.3636363638},"point_estimate":2250425.2045454546,"standard_error":3284.3919686129066},"median_abs_dev":{"confidence_interval":{"confidence_level":0.95,"lower_bound":11537.828863343844,"upper_bound":22062.03108104808},"point_estimate":18601.272092488834,"standard_error":2656.4712254864535},"slope":null,"std_dev":{"confidence_interval":{"confidence_level":0.95,"lower_bound":30177.533842949848,"upper_bound":1066864.4198202332},"point_estimate":625237.4723289368,"standard_error":356625.96094466344}}