{"mean":{"confidence_interval":{"confidence_level":0.95,"lower_bound":4688.826902570781,"upper_bound":4706.489742791771},"point_estimate":4697.185805587567,"standard_error":4.507190255486805},"median":{"confidence_interval":{"confidence_level":0.95,"lower_bound":4686.993547051027,"upper_bound":4707.626441351888},"point_estimate":4692.154600965635,"standard_error":7.639509154072669},"median_abs_dev":{"confidence_interval":{"confidence_level":0.95,"lower_bound":18.271479114332827,"upper_bound":37.97313205346284},"point_estimate":26.465028012902437,"standard_error":4.828462025118028},"slope":{"confidence_interval":{"confidence_level":0.95,"lower_bound":4698.56683855621,"upper_bound":4714.320504073256},"point_estimate":4707.200455165339,"standard_error":4.021961662826692},"std_dev":{"confidence_interval":{"confidence_level":0.95,"lower_bound":21.60285424406845,"upper_bound":44.05714762649571},"point_estimate":32.20389022989189,"standard_error":6.324840216022652}}