{"mean":{"confidence_interval":{"confidence_level":0.95,"lower_bound":14276605.83,"upper_bound":14561045.5025},"point_estimate":14417410.73,"standard_error":72313.25267593362},"median":{"confidence_interval":{"confidence_level":0.95,"lower_bound":14074755.25,"upper_bound":14666333.5},"point_estimate":14246984.375,"standard_error":139579.32563498185},"median_abs_dev":{"confidence_interval":{"confidence_level":0.95,"lower_bound":678775.9660743177,"upper_bound":1069989.2504788935},"point_estimate":896648.8506563008,"standard_error":100172.07222403801},"slope":null,"std_dev":{"confidence_interval":{"confidence_level":0.95,"lower_bound":642697.821503351,"upper_bound":815679.671958151},"point_estimate":729775.6856743468,"standard_error":43913.925169918264}}