{"mean":{"confidence_interval":{"confidence_level":0.95,"lower_bound":448523523.613,"upper_bound":452734456.5255},"point_estimate":450494597.3,"standard_error":1072872.651958004},"median":{"confidence_interval":{"confidence_level":0.95,"lower_bound":446058131.5,"upper_bound":449890057.0},"point_estimate":447293990.5,"standard_error":960864.8770265691},"median_abs_dev":{"confidence_interval":{"confidence_level":0.95,"lower_bound":2005791.7131900787,"upper_bound":6773803.576540947},"point_estimate":3726311.1763447523,"standard_error":1256452.907977009},"slope":null,"std_dev":{"confidence_interval":{"confidence_level":0.95,"lower_bound":5167164.759057857,"upper_bound":9980489.736943427},"point_estimate":7686313.100937615,"standard_error":1259042.8351643945}}