{"mean":{"confidence_interval":{"confidence_level":0.95,"lower_bound":-0.00323894296841581,"upper_bound":0.025094587867550734},"point_estimate":0.013742101404534024,"standard_error":0.007529773096158271},"median":{"confidence_interval":{"confidence_level":0.95,"lower_bound":0.013581092799718864,"upper_bound":0.02342267842087309},"point_estimate":0.017057388793913386,"standard_error":0.0025210465702135442}}