{"mean":{"confidence_interval":{"confidence_level":0.95,"lower_bound":-0.01194271840811234,"upper_bound":0.007859175936405016},"point_estimate":-0.0017546677325895876,"standard_error":0.005059010883859333},"median":{"confidence_interval":{"confidence_level":0.95,"lower_bound":-0.0005527398562150606,"upper_bound":0.016388886388153612},"point_estimate":0.005817824976591002,"standard_error":0.004584558812109699}}