{"mean":{"confidence_interval":{"confidence_level":0.95,"lower_bound":1031233982.7535,"upper_bound":1052689964.9935},"point_estimate":1041605867.56,"standard_error":5456298.851425923},"median":{"confidence_interval":{"confidence_level":0.95,"lower_bound":1039026578.0,"upper_bound":1046438429.0},"point_estimate":1041225975.5,"standard_error":1804275.704582369},"median_abs_dev":{"confidence_interval":{"confidence_level":0.95,"lower_bound":6834874.093356729,"upper_bound":42044086.33195319},"point_estimate":10464496.029818058,"standard_error":9390874.299171569},"slope":null,"std_dev":{"confidence_interval":{"confidence_level":0.95,"lower_bound":27972295.167595565,"upper_bound":47549261.700385645},"point_estimate":39080032.33428826,"standard_error":4987684.706611401}}