{"mean":{"confidence_interval":{"confidence_level":0.95,"lower_bound":1029247494.7685,"upper_bound":1046535246.52},"point_estimate":1037737745.12,"standard_error":4414850.072590845},"median":{"confidence_interval":{"confidence_level":0.95,"lower_bound":1040319497.0,"upper_bound":1045604450.5},"point_estimate":1043430332.5,"standard_error":1663577.4568508447},"median_abs_dev":{"confidence_interval":{"confidence_level":0.95,"lower_bound":6740949.161124229,"upper_bound":34978713.5697037},"point_estimate":12684277.327609062,"standard_error":7830177.009964476},"slope":null,"std_dev":{"confidence_interval":{"confidence_level":0.95,"lower_bound":23455788.74027647,"upper_bound":39328957.9751044},"point_estimate":31659947.06800942,"standard_error":4104832.542129982}}