{"mean":{"confidence_interval":{"confidence_level":0.95,"lower_bound":735950685.433,"upper_bound":748562296.12},"point_estimate":742327982.9,"standard_error":3217773.2216197546},"median":{"confidence_interval":{"confidence_level":0.95,"lower_bound":736387890.0,"upper_bound":743832849.0},"point_estimate":739790732.5,"standard_error":2122235.6540070875},"median_abs_dev":{"confidence_interval":{"confidence_level":0.95,"lower_bound":9096492.138504982,"upper_bound":26474288.09378743},"point_estimate":18717622.292795777,"standard_error":4980663.215197328},"slope":null,"std_dev":{"confidence_interval":{"confidence_level":0.95,"lower_bound":17885630.842530366,"upper_bound":27070046.58739554},"point_estimate":22879127.807888642,"standard_error":2349207.221819275}}