{"mean":{"confidence_interval":{"confidence_level":0.95,"lower_bound":-0.06076691239903902,"upper_bound":0.10071036378808937},"point_estimate":0.015021776535233844,"standard_error":0.039647703521851214},"median":{"confidence_interval":{"confidence_level":0.95,"lower_bound":0.005845118747724198,"upper_bound":0.012634318970211235},"point_estimate":0.008282812210539392,"standard_error":0.0016840917200737237}}