{"mean":{"confidence_interval":{"confidence_level":0.95,"lower_bound":770641534.2344999,"upper_bound":783282425.6854999},"point_estimate":777112484.62,"standard_error":3232300.771403743},"median":{"confidence_interval":{"confidence_level":0.95,"lower_bound":770638717.5,"upper_bound":792176120.0},"point_estimate":790815152.0,"standard_error":5799216.129740546},"median_abs_dev":{"confidence_interval":{"confidence_level":0.95,"lower_bound":4003520.3064233065,"upper_bound":33446384.96900797},"point_estimate":11024028.51858437,"standard_error":8126353.567335372},"slope":null,"std_dev":{"confidence_interval":{"confidence_level":0.95,"lower_bound":18691274.073901385,"upper_bound":26862773.459801424},"point_estimate":23143752.793610435,"standard_error":2082149.7885405025}}